,CustomerID,LoanPayoffPeriodInMonths,YrsatEmp,RequestedAmount,InterestRate,YearsInCurrentResidence,Age,NumberOfDependantsIncludingSelf,CurrentOpenLoanApplications,LoanReason_busin,LoanReason_goods,LoanReason_other,LoanReason_repairs,LoanReason_school,Co-App_guarant,Co-App_none,RentOwn_owned,RentOwn_rent,Emp_self,Emp_skilled,Emp_unskill,Checking_high,Checking_none,Checking_some,Savings_medium,Savings_none,Savings_some,Savings_v.high,Debts_paid,Results
0,2,9,4,3074,1,2,33,2,2,0,1,0,0,0,0,1,1,0,0,1,0,0,1,0,0,1,0,0,0,1
1,3,12,7,939,4,2,28,1,3,0,0,0,0,0,0,1,1,0,0,1,0,1,0,0,0,0,0,0,0,0
2,4,9,7,2507,2,4,51,1,1,0,0,0,0,0,0,1,0,0,0,0,1,0,1,0,0,0,0,0,1,1
3,5,18,4,2238,2,1,25,1,2,0,1,0,0,0,0,1,1,0,0,1,0,0,1,0,0,0,1,0,0,1
4,6,24,4,5507,3,4,44,1,2,0,0,0,1,0,0,1,0,0,0,1,0,0,1,0,0,0,1,0,0,1
5,8,36,1,9034,4,1,29,1,1,0,1,0,0,0,0,0,0,1,1,0,0,0,0,1,1,0,0,0,1,0
6,10,6,1,338,4,4,52,1,2,0,1,0,0,0,0,1,1,0,0,1,0,0,0,0,0,0,0,0,0,1
7,13,21,7,2745,3,2,32,1,2,0,1,0,0,0,0,1,1,0,0,1,0,0,0,1,0,0,0,1,0,1
8,15,18,7,884,4,4,36,2,1,0,0,0,0,0,0,1,1,0,0,1,0,0,0,1,0,0,1,0,0,0
9,16,24,0,1333,4,2,43,2,2,0,0,0,0,0,0,1,0,0,0,1,0,0,0,0,0,0,1,0,0,0
10,21,22,7,1283,4,4,25,1,1,0,0,0,0,0,0,1,0,1,0,1,0,0,1,0,0,1,0,0,1,1
11,23,12,7,2141,3,1,35,1,1,0,1,0,0,0,0,1,1,0,0,1,0,0,1,0,1,0,0,0,1,1
12,24,24,7,2578,2,2,34,1,1,0,1,0,0,0,0,1,1,0,0,1,0,0,1,0,0,0,0,1,0,1
13,26,30,0,5234,4,2,28,1,2,0,0,0,0,0,0,1,1,0,1,0,0,0,0,1,0,0,1,0,0,0
14,28,12,0,1935,4,4,43,1,3,0,1,0,0,0,0,1,1,0,0,1,0,0,1,0,0,0,1,0,0,1
15,29,9,7,1437,2,3,29,1,1,0,0,0,0,0,0,1,1,0,0,1,0,0,0,1,1,0,0,0,1,0
16,31,18,7,1582,4,4,46,1,2,0,1,0,0,0,0,1,1,0,0,1,0,0,1,0,0,0,0,1,0,1
17,32,33,4,2764,2,2,26,1,2,1,0,0,0,0,0,1,1,0,0,1,0,0,1,0,0,0,1,0,0,1
18,33,24,0,6314,4,2,27,1,2,0,0,1,0,0,0,0,1,0,1,0,0,0,1,0,0,0,1,0,0,1
19,34,48,0,7582,2,4,31,1,1,0,0,1,0,0,0,1,0,0,1,0,0,0,0,1,1,0,0,0,0,1
20,35,6,0,1198,4,4,35,1,1,0,0,0,0,1,0,1,0,0,0,1,0,0,0,0,0,0,1,0,1,0
21,36,24,1,1474,4,3,33,1,1,0,0,0,0,0,0,1,1,0,0,1,0,0,1,0,1,0,0,0,1,1
22,38,24,7,2197,4,4,43,2,2,0,0,0,0,0,0,1,1,0,0,1,0,0,1,0,0,1,0,0,0,1
23,39,48,4,6110,1,3,31,1,1,0,0,0,0,1,0,1,0,0,0,1,0,0,1,0,0,0,1,0,0,1
24,40,24,7,1585,4,3,40,1,2,0,1,0,0,0,0,1,1,0,0,1,0,0,1,0,0,0,1,0,0,1
25,41,24,1,937,4,3,27,1,2,0,0,0,0,1,0,1,1,0,0,0,1,0,1,0,0,0,1,0,1,1
26,42,18,1,3422,4,4,47,2,3,0,1,0,0,0,0,1,1,0,0,1,0,0,1,0,0,0,1,0,1,1
27,43,18,4,1217,4,3,47,1,1,0,1,0,0,0,0,1,1,0,0,0,1,0,0,0,0,0,1,0,1,0
28,45,12,4,2149,4,1,29,1,1,0,1,0,0,0,0,1,0,0,0,1,0,0,0,0,0,0,1,0,1,0
29,48,12,1,1330,4,1,26,1,1,0,0,0,0,0,0,1,1,0,0,1,0,1,0,0,0,0,1,0,1,1
30,49,12,7,1108,4,3,28,1,2,0,0,0,1,0,0,1,1,0,0,1,0,0,0,0,0,0,1,0,1,0
31,50,24,7,12579,4,2,44,1,1,0,0,0,0,0,0,1,0,0,1,0,0,0,0,1,0,0,1,0,1,0
32,51,24,0,1193,1,4,29,1,2,0,0,0,0,0,0,0,0,1,0,0,0,0,0,0,0,0,1,0,1,0
33,52,10,4,1309,4,4,27,1,1,0,0,0,0,0,1,0,1,0,0,0,1,0,1,0,0,1,0,0,1,0
34,53,12,4,719,4,4,41,2,1,0,0,0,0,1,0,1,1,0,0,0,1,0,1,0,0,0,1,0,1,0
35,55,18,0,750,4,1,27,1,1,0,0,0,0,1,0,1,1,0,0,0,0,0,0,0,0,0,1,0,1,0
36,56,42,7,7166,2,4,29,1,1,0,1,0,0,0,0,1,0,1,0,1,0,0,1,0,0,1,0,0,1,1
37,58,30,1,1919,4,3,30,1,2,0,1,0,0,0,0,1,1,0,1,0,0,0,0,1,1,0,0,0,0,0
38,60,12,1,697,4,2,46,1,2,0,0,0,0,0,0,1,1,0,0,1,0,0,0,0,0,0,1,0,1,0
39,61,15,7,2728,4,2,35,1,3,0,1,0,0,0,1,0,1,0,0,1,0,0,0,1,0,1,0,0,0,1
40,62,9,7,5129,2,4,74,2,1,0,0,0,0,0,0,1,0,0,1,0,0,0,0,1,0,0,1,0,1,0
41,63,18,4,866,4,2,25,1,1,0,1,0,0,0,1,0,1,0,0,0,1,0,0,1,0,0,1,0,1,1
42,65,36,4,4455,2,2,30,1,2,1,0,0,0,0,0,1,1,0,1,0,0,0,0,1,0,0,1,0,0,0
43,67,12,7,2366,3,3,36,1,1,0,0,0,0,0,0,1,1,0,1,0,0,0,0,1,0,0,0,0,0,1
44,68,30,7,3622,4,4,57,1,2,0,1,0,0,0,0,1,0,1,0,1,0,0,0,0,0,0,0,1,1,1
45,69,48,7,7476,4,1,50,1,1,0,0,0,0,1,0,1,0,0,1,0,0,0,0,0,0,0,1,0,1,1
46,71,21,7,3976,2,3,35,1,1,0,1,0,0,0,0,1,1,0,0,1,0,0,0,1,0,1,0,0,1,1
47,72,24,1,8648,2,2,27,1,2,1,0,0,0,0,0,1,1,0,0,1,0,0,1,0,0,0,1,0,0,0
48,76,18,1,976,1,2,23,1,1,0,0,0,0,0,0,1,1,0,0,0,1,0,0,0,0,0,1,0,1,0
49,77,21,7,2782,1,2,31,1,1,0,0,0,0,0,0,1,1,0,1,0,0,0,1,0,0,0,0,0,1,1
50,79,21,7,1572,4,4,36,1,1,1,0,0,0,0,0,1,1,0,0,0,1,0,1,0,0,0,0,1,1,1
51,80,24,4,3863,1,2,32,1,1,1,0,0,0,0,0,1,0,0,0,1,0,0,1,0,0,0,1,0,0,1
52,83,12,0,1480,2,4,66,1,3,0,0,0,0,0,0,1,0,0,0,0,0,1,0,0,0,0,0,0,0,1
53,84,24,0,1935,4,4,31,1,2,1,0,0,0,0,0,1,1,0,0,1,0,0,0,1,0,0,1,0,0,0
54,86,12,4,1620,2,3,30,1,1,0,1,0,0,0,0,0,1,0,0,1,0,0,0,0,0,0,1,0,1,1
55,87,48,7,10961,1,2,27,1,2,0,1,0,0,0,0,0,1,0,0,1,0,0,0,1,0,0,0,1,1,0
56,88,10,7,894,4,3,40,1,1,0,0,0,0,1,0,1,1,0,0,1,0,0,1,0,0,1,0,0,1,1
57,89,11,4,1322,4,4,40,1,2,0,0,0,0,0,0,1,1,0,0,1,0,0,0,1,0,0,0,1,0,1
58,90,36,4,3620,1,2,37,2,1,0,1,0,0,0,1,0,1,0,0,1,0,0,0,0,0,0,1,0,1,1
59,91,12,4,6199,4,2,28,1,2,0,1,0,0,0,0,1,0,1,0,1,0,0,0,0,0,0,1,0,1,0
60,92,9,1,1422,3,2,27,1,1,0,0,0,0,0,0,1,0,0,1,0,0,0,0,0,0,0,1,0,1,0
61,93,14,1,8978,1,4,45,1,1,0,0,0,0,0,0,1,1,0,1,0,0,0,0,0,0,0,1,0,1,0
62,94,24,1,3345,4,2,39,1,1,0,1,0,0,0,0,1,0,1,1,0,0,0,0,0,0,0,1,0,1,0
63,96,36,4,3711,2,2,27,1,1,0,0,0,0,1,0,1,1,0,0,1,0,0,0,1,0,1,0,0,1,1
64,98,18,4,1941,4,2,35,1,1,1,0,0,0,0,0,1,1,0,0,0,1,0,0,1,0,0,0,1,1,1
65,100,18,4,1301,4,2,32,1,1,0,1,0,0,0,1,0,1,0,0,0,1,0,0,1,0,0,1,0,1,1
66,101,36,4,5848,4,1,24,1,1,0,1,0,0,0,0,1,1,0,0,1,0,1,0,0,0,0,1,0,1,1
67,102,6,4,2978,1,2,32,1,1,0,1,0,0,0,0,1,1,0,0,1,0,0,1,0,0,0,0,0,1,1
68,103,36,0,10974,4,2,26,1,2,0,1,0,0,0,0,1,1,0,1,0,0,0,1,0,0,0,1,0,1,0
69,104,6,1,454,3,1,22,1,1,0,0,0,1,0,0,1,1,0,0,0,1,0,0,1,0,0,1,0,1,1
70,106,18,4,3190,2,2,24,1,1,0,1,0,0,0,0,1,1,0,0,1,0,0,0,0,0,0,1,0,1,0
71,107,10,7,1347,4,2,27,1,2,0,1,0,0,0,0,1,1,0,0,1,0,1,0,0,0,1,0,0,0,1
72,108,9,7,1199,4,4,67,1,2,0,0,0,0,1,0,1,1,0,1,0,0,0,0,1,0,0,1,0,1,1
73,109,60,4,6527,4,4,34,2,1,0,0,0,0,0,0,1,0,0,0,1,0,0,1,0,0,1,0,0,1,1
74,111,24,1,7721,1,2,30,1,1,0,1,0,0,0,0,1,1,0,0,1,0,0,0,0,0,1,0,0,1,1
75,112,36,1,3342,4,2,51,1,1,0,1,0,0,0,0,1,1,0,0,1,0,0,1,0,0,1,0,0,0,1
76,114,36,4,5371,3,2,28,1,2,0,1,0,0,0,1,0,1,0,0,1,0,0,0,0,0,0,1,0,0,1
77,115,24,1,3105,4,2,25,1,2,0,1,0,0,0,0,1,1,0,0,1,0,0,1,0,0,1,0,0,1,1
78,116,12,7,2002,3,4,30,2,1,0,0,0,0,0,0,1,0,1,0,1,0,0,0,1,0,0,1,0,1,1
79,118,15,7,802,4,3,37,2,1,0,1,0,0,0,0,1,1,0,0,1,0,0,0,1,0,0,1,0,1,0
80,120,6,7,1346,2,4,42,2,1,0,1,0,0,0,0,1,0,0,0,1,0,0,1,0,1,0,0,0,1,1
81,122,10,4,1521,4,2,31,1,1,0,1,0,0,0,0,1,1,0,0,0,1,0,0,1,0,0,1,0,1,1
82,126,12,0,2859,4,4,38,1,1,0,0,0,0,0,0,1,1,0,1,0,0,0,1,0,0,1,0,0,1,1
83,127,30,0,2991,2,4,25,1,1,0,1,0,0,0,0,1,1,0,0,1,0,0,0,1,0,1,0,0,1,1
84,128,6,4,1047,2,4,50,1,1,0,0,0,0,1,0,1,1,0,0,0,1,1,0,0,0,0,1,0,0,1
85,129,39,4,8588,4,2,45,1,1,0,0,0,0,0,0,1,1,0,1,0,0,0,1,0,1,0,0,0,1,1
86,130,9,1,2301,2,4,22,1,1,0,1,0,0,0,0,1,0,1,0,1,0,0,1,0,1,0,0,0,1,1
87,131,9,4,1138,4,4,25,1,2,0,1,0,0,0,0,1,1,0,0,0,1,0,0,0,0,0,1,0,0,1
88,132,18,4,1149,4,3,46,1,2,0,1,0,0,0,0,1,1,0,0,1,0,0,1,0,0,0,0,1,0,1
89,133,24,1,6403,1,2,33,1,1,0,1,0,0,0,0,1,1,0,0,1,0,0,0,1,0,0,1,0,0,1
90,134,18,4,2622,4,4,34,1,1,1,0,0,0,0,0,1,1,0,0,1,0,0,0,1,1,0,0,0,1,1
91,135,24,7,1546,4,4,24,1,1,0,1,0,0,0,1,0,0,1,0,0,1,0,0,0,0,0,1,0,1,0
92,137,48,7,2751,4,3,38,2,2,0,0,0,0,0,0,1,1,0,0,1,0,0,1,0,0,1,0,0,0,1
93,139,15,1,392,4,4,23,1,1,0,0,0,0,1,0,1,0,1,0,1,0,1,0,0,0,0,1,0,1,1
94,140,18,1,3049,1,1,45,1,1,0,1,0,0,0,0,1,1,0,0,0,1,1,0,0,0,0,1,0,1,1
95,145,12,7,674,4,1,20,1,1,0,1,0,0,0,0,1,1,0,0,1,0,0,0,0,1,0,0,0,1,0
96,147,12,4,900,4,2,23,1,1,0,0,0,0,0,0,1,1,0,0,1,0,0,0,0,0,1,0,0,1,0
97,149,6,4,1343,1,4,46,2,2,0,0,0,0,0,0,1,1,0,0,1,0,1,0,0,0,0,1,0,0,1
98,150,18,1,1126,4,2,21,1,1,0,1,0,0,0,0,1,0,1,0,1,0,0,1,0,0,1,0,0,1,1
99,152,6,4,1204,4,1,35,1,1,0,0,0,0,0,0,1,0,1,0,1,0,0,1,0,1,0,0,0,1,1
100,154,10,4,1546,3,2,31,2,1,0,0,0,0,0,0,1,1,0,0,0,1,0,1,0,0,0,1,0,1,1
101,155,15,1,2327,2,3,25,1,1,0,1,0,0,0,0,1,1,0,0,0,1,1,0,0,0,0,1,0,1,0
102,157,11,4,7228,1,4,39,1,2,0,0,0,0,0,0,1,1,0,0,0,1,0,1,0,0,0,1,0,0,1
103,158,20,1,3485,2,4,44,1,2,0,0,0,0,0,0,1,1,0,0,1,0,0,1,0,0,1,0,0,0,1
104,159,8,4,1414,4,2,33,1,1,0,1,0,0,0,1,0,1,0,0,1,0,0,0,1,0,0,1,0,1,1
105,160,18,4,2100,4,2,37,1,1,0,1,0,0,0,0,0,1,0,0,1,0,1,0,0,0,0,1,0,1,0
106,161,10,4,1240,1,4,48,2,1,0,0,0,0,0,0,1,0,0,0,0,1,1,0,0,1,0,0,0,1,0
107,163,15,4,806,4,4,22,1,1,1,0,0,0,0,0,1,1,0,0,0,1,0,0,0,0,0,1,0,1,1
108,164,14,4,1410,1,2,35,1,1,1,0,0,0,0,0,1,1,0,0,1,0,0,0,1,0,0,0,0,1,1
109,165,30,7,5771,4,2,25,1,2,0,1,0,0,0,0,1,1,0,0,1,0,0,1,0,0,0,1,0,0,1
110,166,21,7,2767,4,2,61,1,2,1,0,0,0,0,0,1,0,1,0,0,1,0,0,1,1,0,0,0,1,0
111,167,15,4,2631,2,4,28,1,2,0,0,0,0,0,0,1,0,1,0,1,0,0,0,1,1,0,0,0,1,0
112,168,18,4,1169,4,3,29,1,2,0,1,0,0,0,0,1,1,0,0,1,0,0,1,0,0,1,0,0,0,1
113,170,36,4,5800,3,4,34,1,2,0,0,0,0,0,0,1,1,0,0,1,0,0,0,1,0,0,1,0,0,1
114,173,15,4,1213,4,3,47,1,1,0,1,0,0,0,0,1,1,0,0,1,0,0,1,0,0,0,0,0,1,1
115,174,12,4,763,4,1,26,1,1,0,1,0,0,0,0,1,1,0,0,1,0,0,1,0,0,0,1,0,1,1
116,175,15,4,1471,4,4,35,1,2,0,1,0,0,0,0,1,0,0,0,1,0,0,1,0,0,0,1,0,0,1
117,176,12,1,2445,2,4,26,1,1,0,0,0,0,0,0,1,0,1,0,1,0,0,1,0,0,1,0,0,1,1
118,178,48,7,10297,4,4,39,2,3,0,0,0,0,0,0,1,0,0,0,1,0,0,0,0,0,0,1,0,1,0
119,181,24,0,6615,2,4,75,1,2,0,0,0,0,0,0,1,0,0,1,0,0,0,0,0,0,0,1,0,0,1
120,183,48,4,3051,3,4,54,1,1,0,1,0,0,0,0,1,1,0,0,1,0,0,0,0,0,0,1,0,1,0
121,184,18,1,3780,3,2,35,1,2,0,1,0,0,0,0,1,1,0,1,0,0,0,1,0,0,0,1,0,0,1
122,185,48,1,9960,1,2,26,1,1,0,1,0,0,0,0,1,1,0,0,1,0,0,0,1,0,0,1,0,1,0
123,189,42,1,4796,4,4,56,1,1,0,0,0,0,0,0,1,0,0,0,1,0,1,0,0,0,0,1,0,0,1
124,190,24,1,2679,4,1,29,1,1,0,0,0,0,0,0,1,1,0,1,0,0,0,1,0,0,0,1,0,1,1
125,191,9,1,1244,4,4,41,1,2,0,0,0,0,1,0,1,0,1,0,0,1,0,1,0,0,1,0,0,0,1
126,193,12,4,1282,2,4,20,1,1,0,1,0,0,0,0,1,0,1,0,1,0,0,0,0,0,0,1,0,1,0
127,194,6,1,931,1,1,32,1,1,0,0,0,0,0,0,1,1,0,0,0,1,0,0,1,1,0,0,0,1,0
128,195,13,1,1797,3,1,28,1,2,1,0,0,0,0,0,1,1,0,0,0,1,0,0,0,0,0,1,0,0,1
129,196,12,1,3399,2,3,37,1,1,0,1,0,0,0,0,1,1,0,1,0,0,1,0,0,0,1,0,0,1,1
130,199,24,7,2910,2,1,34,1,1,0,0,0,0,0,0,1,0,0,1,0,0,0,0,0,0,0,1,0,1,1
131,200,24,4,4591,2,3,54,1,3,1,0,0,0,0,0,1,1,0,1,0,0,0,1,0,0,0,0,1,1,0
132,201,18,0,2473,4,1,25,1,1,0,1,0,0,0,0,1,1,0,0,0,0,0,0,0,0,0,1,0,1,0
133,204,24,4,2978,4,4,32,2,2,1,0,0,0,0,0,1,1,0,0,1,0,0,1,0,0,1,0,0,0,1
134,205,24,4,1393,2,2,31,1,1,0,0,0,0,0,1,0,1,0,0,1,0,0,1,0,0,0,1,0,1,1
135,206,24,7,1344,4,2,37,2,2,0,0,0,0,0,0,1,1,0,0,0,1,1,0,0,0,1,0,0,0,0
136,207,36,7,2712,2,2,41,2,1,0,1,0,0,0,0,1,1,0,0,1,0,0,0,0,0,0,1,0,1,0
137,208,48,4,5096,2,3,30,1,1,0,1,0,0,0,0,1,1,0,1,0,0,0,0,1,0,0,1,0,0,0
138,210,42,7,5954,2,1,41,1,2,1,0,0,0,0,0,1,1,0,0,0,1,0,0,1,0,0,1,0,0,1
139,211,9,4,790,4,3,66,1,1,0,1,0,0,0,0,1,1,0,0,0,1,0,0,1,0,0,0,0,1,1
140,212,12,4,618,4,4,56,1,1,0,1,0,0,0,0,1,1,0,0,1,0,0,1,0,0,0,1,0,0,1
141,215,18,4,1028,4,3,36,1,2,0,0,0,0,0,0,1,1,0,0,1,0,0,1,0,0,0,1,0,0,1
142,216,12,1,3124,1,3,49,2,2,0,0,0,0,0,0,1,1,0,0,0,1,0,0,1,0,0,1,0,0,1
143,217,6,1,368,4,4,38,1,1,0,1,0,0,0,0,1,1,0,0,1,0,0,0,1,0,1,0,0,1,1
144,218,15,0,2511,1,4,23,1,1,0,0,0,0,0,0,1,0,1,0,1,0,0,0,0,0,0,1,0,1,1
145,219,12,4,708,2,3,38,2,1,0,1,0,0,0,1,0,1,0,0,0,1,0,0,0,0,0,1,0,1,1
146,222,12,7,759,4,2,26,1,1,0,0,0,0,0,0,1,1,0,0,1,0,0,0,0,0,0,1,0,1,0
147,225,39,7,14179,4,4,30,1,2,0,1,0,0,0,0,1,1,0,1,0,0,0,0,0,0,1,0,0,0,1
148,226,60,7,15653,2,4,21,1,2,0,1,0,0,0,0,1,1,0,0,1,0,0,1,0,0,0,1,0,0,1
149,227,24,7,4817,2,3,31,1,1,0,0,0,0,0,0,0,1,0,0,1,0,0,0,0,0,0,1,0,1,0
150,229,6,7,2108,2,2,29,1,1,0,1,0,0,0,0,1,0,1,0,1,0,0,1,0,0,0,1,0,1,1
151,230,12,4,701,4,2,40,1,1,0,1,0,0,0,0,1,1,0,0,0,1,0,0,0,0,0,1,0,1,1
152,231,24,4,3161,4,2,31,1,1,1,0,0,0,0,0,1,0,1,0,1,0,0,0,0,0,0,1,0,1,0
153,232,6,4,1237,1,1,27,1,2,0,1,0,0,0,0,1,1,0,0,1,0,0,1,0,1,0,0,0,0,1
154,233,24,7,1285,4,4,32,1,1,0,0,0,0,0,0,1,0,1,0,1,0,0,0,0,0,1,0,0,1,0
155,234,27,4,2520,4,2,23,1,2,0,1,0,0,0,0,1,1,0,0,0,1,0,0,1,0,0,0,0,0,0
156,235,12,4,640,4,2,49,1,1,0,0,0,0,0,0,1,1,0,0,0,1,0,1,0,0,0,1,0,1,1
157,236,30,7,6742,2,3,36,1,2,0,1,0,0,0,0,1,1,0,0,1,0,0,1,0,0,1,0,0,0,1
158,238,6,7,609,4,3,37,1,2,0,0,0,0,0,0,1,1,0,0,1,0,0,0,0,0,0,1,0,0,1
159,240,12,1,3565,2,1,37,2,2,0,0,0,0,1,0,1,1,0,0,0,1,0,1,0,0,1,0,0,0,1
160,242,18,4,1113,4,4,26,2,1,0,1,0,0,0,1,0,1,0,0,0,1,0,0,1,0,0,1,0,1,1
161,243,12,7,1424,4,3,26,1,1,0,1,0,0,0,0,1,1,0,0,1,0,0,0,1,0,0,1,0,0,1
162,245,12,7,385,4,3,58,1,4,0,1,0,0,0,0,1,1,0,0,0,1,0,0,0,0,0,1,0,0,1
163,247,36,7,1953,4,4,61,1,1,1,0,0,0,0,0,1,0,0,1,0,0,0,0,1,0,0,1,0,1,0
164,249,21,7,2476,4,4,46,1,1,0,0,0,0,0,0,1,1,0,1,0,0,0,1,0,0,1,0,0,1,1
165,251,15,7,5324,1,4,35,1,1,0,0,0,0,0,0,1,0,0,0,1,0,0,1,0,0,0,0,0,1,1
166,252,21,7,3160,4,3,41,1,1,0,1,0,0,0,0,1,1,0,0,1,0,0,1,0,0,1,0,0,1,1
167,254,24,7,3512,2,3,38,1,2,0,0,0,0,0,0,1,1,0,0,1,0,0,0,1,1,0,0,0,1,1
168,255,18,4,1530,3,2,32,1,2,0,0,0,0,0,0,1,1,0,0,1,0,0,1,0,0,0,1,0,0,0
169,257,6,4,860,1,4,39,1,2,0,0,0,0,0,0,1,1,0,0,1,0,0,0,0,0,0,1,0,0,1
170,258,21,7,3652,2,3,27,1,2,1,0,0,0,0,0,1,1,0,0,1,0,0,0,1,0,0,1,0,0,1
171,259,9,7,2753,3,4,35,1,1,0,1,0,0,0,0,0,1,0,0,1,0,0,1,0,1,0,0,0,1,1
172,260,15,4,1271,3,4,39,1,2,0,1,0,0,0,0,1,0,0,0,1,0,1,0,0,0,1,0,0,0,0
173,261,30,7,8386,2,2,49,1,1,0,1,0,0,0,0,1,1,0,0,1,0,0,0,1,0,0,1,0,0,0
174,262,48,1,4308,3,4,24,1,1,1,0,0,0,0,0,1,0,1,0,1,0,0,0,0,0,0,1,0,1,0
175,264,36,1,2337,4,4,36,1,1,0,1,0,0,0,0,1,1,0,0,1,0,0,0,1,0,0,1,0,0,1
176,265,48,7,7685,2,4,37,1,1,1,0,0,0,0,1,0,0,1,0,1,0,0,0,0,0,0,1,0,1,0
177,266,45,1,4746,4,2,25,1,2,0,1,0,0,0,0,1,1,0,0,0,1,0,0,1,0,0,1,0,0,0
178,268,24,1,2303,4,1,45,1,1,0,0,0,0,0,0,0,1,0,0,1,0,0,0,0,0,0,1,0,1,0
179,269,36,7,9271,2,1,24,1,1,0,0,0,0,0,0,1,1,0,0,1,0,0,0,0,0,0,1,0,1,0
180,270,30,4,1715,4,1,26,1,1,0,1,0,0,0,0,1,1,0,0,1,0,0,0,1,0,1,0,0,1,1
181,271,24,4,7393,1,4,43,2,1,0,0,0,0,0,0,1,1,0,0,0,1,0,1,0,0,0,1,0,1,1
182,273,48,4,7119,3,4,53,2,2,0,1,0,0,0,0,1,0,0,0,1,0,0,0,0,0,0,1,0,1,0
183,275,36,7,2273,3,1,32,2,2,0,0,0,0,1,0,1,1,0,0,1,0,0,0,1,0,0,1,0,1,1
184,276,12,4,2028,4,2,30,1,1,0,0,0,0,0,0,1,1,0,0,1,0,0,0,1,0,1,0,0,1,1
185,278,45,0,4576,3,4,27,1,1,0,0,0,0,0,0,1,1,0,0,1,0,0,0,1,1,0,0,0,0,1
186,279,24,4,1381,4,2,35,1,1,0,0,0,0,0,0,1,1,0,0,1,0,0,0,0,0,1,0,0,1,0
187,280,20,4,2629,2,3,29,1,2,0,0,1,0,0,0,1,1,0,0,1,0,0,0,1,0,0,1,0,0,1
188,282,12,4,1884,4,4,39,1,1,0,0,0,0,0,0,1,1,0,1,0,0,0,1,0,0,0,1,0,1,1
189,283,6,1,683,2,1,29,1,1,0,1,0,0,0,0,1,1,0,0,1,0,1,0,0,0,0,1,0,0,1
190,284,24,1,4736,2,4,25,1,1,0,1,0,0,0,0,1,1,0,0,0,1,0,0,1,0,0,1,0,0,0
191,285,18,1,6458,2,4,39,2,2,0,0,0,0,0,0,1,1,0,1,0,0,0,1,0,0,0,1,0,1,0
192,287,36,1,4795,4,1,30,1,1,0,1,0,0,0,0,1,1,0,1,0,0,0,0,1,0,0,1,0,1,1
193,288,18,4,2864,2,1,34,2,1,0,1,0,0,0,0,1,1,0,0,0,1,1,0,0,0,0,1,0,1,0
194,289,12,4,1657,2,2,27,1,1,0,1,0,0,0,0,1,1,0,0,1,0,0,0,0,0,0,1,0,1,1
195,290,6,0,14555,1,2,23,1,1,0,0,0,0,0,0,1,1,0,0,0,0,0,0,1,0,1,0,0,1,0
196,291,18,7,1950,4,1,34,1,2,1,0,0,0,0,0,1,1,0,0,1,0,0,1,0,0,0,1,0,1,1
197,292,48,4,12204,2,2,48,1,1,1,0,0,0,0,0,1,1,0,1,0,0,0,0,1,0,1,0,0,1,1
198,293,15,4,2631,3,2,25,1,1,0,0,0,1,0,0,1,1,0,0,0,1,0,0,1,1,0,0,0,1,1
199,296,48,7,6999,1,1,34,1,2,0,1,0,0,0,1,0,1,0,0,1,0,0,0,0,0,0,1,0,1,0
200,298,60,7,14027,4,2,27,1,1,0,0,0,0,0,0,1,1,0,1,0,0,0,0,1,0,0,1,0,1,0
201,299,36,7,5742,2,2,31,1,2,1,0,0,0,0,0,1,1,0,0,1,0,0,1,0,1,0,0,0,1,1
202,300,36,4,7432,2,2,54,1,1,0,0,0,0,0,0,1,0,1,0,1,0,0,0,1,0,0,1,0,0,1
203,302,21,7,1591,4,3,34,1,2,0,1,0,0,0,0,1,1,0,1,0,0,0,1,0,1,0,0,0,0,1
204,303,8,7,760,4,2,44,1,1,0,1,0,0,0,1,0,1,0,0,0,1,0,0,1,0,0,1,0,1,1
205,304,36,4,3804,4,1,42,1,1,0,1,0,0,0,0,1,1,0,0,1,0,0,0,1,0,0,1,0,1,0
206,305,42,7,4370,3,2,26,2,2,0,1,0,0,0,0,1,1,0,0,1,0,0,0,0,0,0,1,0,0,0
207,308,60,7,6836,3,4,63,1,2,1,0,0,0,0,0,1,1,0,0,1,0,0,0,0,0,0,1,0,0,0
208,309,24,1,1024,4,4,48,1,1,0,1,0,0,0,0,1,1,0,0,1,0,0,0,0,0,0,1,0,0,0
209,311,36,4,4686,2,2,32,1,1,0,0,0,0,0,0,1,0,0,1,0,0,0,1,0,0,0,1,0,1,1
210,314,24,4,1413,4,2,28,1,1,0,1,0,0,0,0,1,1,0,0,1,0,0,1,0,0,0,1,0,1,1
211,316,30,4,1867,4,4,58,1,1,0,1,0,0,0,0,1,1,0,0,1,0,0,1,0,0,1,0,0,1,1
212,318,24,4,4712,4,2,37,1,2,1,0,0,0,0,0,1,1,0,1,0,0,0,0,1,0,1,0,0,0,1
213,319,24,7,2284,4,2,28,1,1,0,1,0,0,0,0,1,1,0,0,1,0,0,1,0,0,0,1,0,1,1
214,320,12,1,1331,2,1,22,1,1,0,1,0,0,0,0,1,1,0,0,1,0,0,0,1,0,0,1,0,1,0
215,322,36,1,909,4,4,36,1,1,0,0,0,0,0,0,1,1,0,0,1,0,0,1,0,0,0,0,0,1,1
216,324,45,4,1845,4,4,23,1,1,0,1,0,0,0,0,1,0,0,0,1,0,0,0,0,0,0,1,0,1,0
217,325,9,7,1449,3,2,27,1,2,1,0,0,0,0,0,1,1,0,0,1,0,0,1,0,0,0,1,0,1,1
218,326,15,7,2186,1,4,33,1,1,0,1,0,0,0,0,1,0,1,0,0,1,0,1,0,0,1,0,0,1,1
219,327,6,7,6761,1,3,45,2,2,0,0,0,0,0,0,1,1,0,1,0,0,0,1,0,0,0,1,0,0,1
220,328,18,7,4297,4,3,40,1,1,0,1,0,0,0,0,1,1,0,1,0,0,0,0,1,0,0,1,0,0,0
221,331,6,0,1352,1,2,23,1,1,0,0,0,0,0,0,1,0,1,0,0,0,0,0,0,0,0,0,0,1,1
222,333,12,1,727,4,3,33,1,1,0,1,0,0,0,0,1,1,0,0,0,1,0,0,0,1,0,0,0,1,0
223,335,10,1,727,4,4,46,1,1,0,0,0,0,1,0,1,0,0,0,1,0,0,1,0,0,0,0,0,1,1
224,337,48,4,10127,2,2,44,1,1,0,0,0,0,0,0,1,0,0,0,1,0,0,1,0,0,0,0,0,0,0
225,338,48,4,7629,4,2,46,2,2,1,0,0,0,0,0,1,1,0,1,0,0,0,1,0,0,1,0,0,0,1
226,340,24,4,11560,1,4,23,1,2,0,0,0,0,0,0,1,0,1,1,0,0,0,0,1,0,0,1,0,1,0
227,341,6,4,1169,4,4,67,1,2,0,1,0,0,0,0,1,1,0,0,1,0,0,0,0,0,1,0,0,0,1
228,342,7,1,2329,1,1,45,1,1,0,1,0,0,0,1,0,1,0,0,1,0,0,0,1,0,0,1,0,1,1
229,343,12,7,1402,3,4,37,1,1,0,1,0,0,0,0,1,0,1,0,1,0,0,1,0,0,0,0,0,0,1
230,344,18,4,2659,4,2,28,1,1,0,1,0,0,0,0,1,1,0,0,1,0,0,0,0,0,0,0,1,1,1
231,345,24,4,2760,4,4,36,1,1,0,0,0,0,0,0,1,0,0,0,1,0,0,0,1,0,1,0,0,1,1
232,347,27,1,4526,4,2,32,2,2,0,1,0,0,0,0,1,1,0,0,0,1,0,1,0,0,0,0,1,0,1
233,348,48,4,3914,4,2,38,1,1,1,0,0,0,0,0,1,1,0,0,1,0,0,1,0,0,1,0,0,1,0
234,351,12,4,1424,3,4,55,1,1,0,1,0,0,0,0,1,1,0,1,0,0,1,0,0,0,1,0,0,1,1
235,353,24,4,3430,3,2,31,2,1,0,1,0,0,0,0,1,1,0,0,1,0,0,1,0,0,0,0,0,1,1
236,354,24,4,1371,4,4,25,1,1,0,0,0,0,0,0,1,0,1,0,1,0,0,0,0,0,1,0,0,1,0
237,355,12,4,1484,2,1,25,1,1,0,1,0,0,0,0,1,1,0,0,1,0,0,0,1,0,1,0,0,1,0
238,356,42,0,3394,4,4,65,1,2,0,0,0,1,0,0,0,1,0,0,0,0,0,0,0,0,0,1,0,0,1
239,357,12,0,926,1,2,38,1,1,0,0,0,0,0,0,1,1,0,0,0,0,0,1,0,0,0,1,0,0,1
240,358,12,0,1262,2,4,49,1,1,0,1,0,0,0,0,1,1,0,0,0,1,0,0,0,0,1,0,0,1,1
241,359,24,4,9277,2,4,48,1,1,0,0,0,0,0,0,1,0,0,0,1,0,0,1,0,0,1,0,0,1,1
242,360,9,7,1364,3,4,59,1,1,0,1,0,0,0,0,1,1,0,0,1,0,0,0,0,0,0,1,0,1,1
243,362,15,4,1275,4,2,24,1,1,0,1,0,0,0,0,1,0,1,0,1,0,0,0,0,0,1,0,0,1,0
244,363,24,4,1940,4,4,60,1,1,0,0,0,0,0,0,1,1,0,0,1,0,0,1,0,0,0,0,1,0,1
245,364,30,4,3077,3,2,40,2,2,0,1,0,0,0,0,1,1,0,0,1,0,0,1,0,0,1,0,0,0,1
246,365,48,1,8358,1,1,30,1,2,0,0,0,0,0,0,1,1,0,0,1,0,0,0,1,0,0,0,0,1,1
247,366,12,7,1372,2,3,36,1,1,0,0,0,0,0,0,1,1,0,0,1,0,0,0,0,0,0,1,0,1,0
248,367,12,7,841,2,4,23,1,1,1,0,0,0,0,0,1,0,1,0,0,1,0,0,1,1,0,0,0,1,1
249,369,21,7,1602,4,3,30,1,2,0,0,0,0,0,0,1,1,0,0,1,0,0,0,0,0,0,1,0,0,1
250,370,18,1,3114,1,4,26,1,1,0,1,0,0,0,0,1,0,1,0,1,0,0,0,0,0,0,1,0,1,0
251,371,12,7,1037,3,4,39,1,1,1,0,0,0,0,0,1,1,0,0,0,1,0,0,1,1,0,0,0,1,1
252,372,15,4,2360,2,2,36,1,1,0,0,0,0,0,0,1,1,0,0,1,0,1,0,0,0,0,0,0,0,1
253,373,21,1,2606,4,4,28,1,1,0,1,0,0,0,0,1,0,1,1,0,0,0,0,0,0,0,1,0,1,1
254,377,24,7,1311,4,3,26,1,1,0,1,0,0,0,0,1,1,0,0,1,0,0,1,0,1,0,0,0,1,1
255,378,24,4,3148,3,2,31,1,2,0,1,0,0,0,0,1,1,0,0,1,0,1,0,0,0,1,0,0,0,1
256,379,12,4,2214,4,3,24,1,1,0,1,0,0,0,0,1,1,0,0,0,1,0,0,0,0,0,1,0,1,1
257,380,6,7,484,3,3,28,1,1,0,1,0,0,0,1,0,1,0,0,0,1,0,0,1,0,0,1,0,1,1
258,381,60,1,7408,4,2,24,1,1,0,0,0,0,0,0,1,1,0,1,0,0,0,0,1,1,0,0,0,1,0
259,382,24,1,999,4,2,25,1,2,0,1,0,0,0,0,1,1,0,0,1,0,0,1,0,0,1,0,0,1,1
260,383,48,4,18424,1,2,32,1,1,0,0,1,0,0,0,1,1,0,1,0,0,0,0,1,0,0,1,0,1,0
261,384,9,4,1136,4,3,32,2,2,0,0,0,0,1,0,1,0,0,0,1,0,0,0,1,0,0,0,1,0,0
262,389,24,4,1597,4,4,54,2,2,0,0,0,0,1,0,1,0,0,0,1,0,0,1,0,0,0,1,0,0,1
263,390,28,1,7824,3,4,40,2,2,0,0,0,0,0,1,0,0,1,0,1,0,0,1,0,0,1,0,0,1,1
264,391,15,1,1537,4,4,50,1,2,0,1,0,0,0,1,0,1,0,0,1,0,0,0,1,0,1,0,0,0,1
265,392,9,1,1670,4,2,22,1,1,0,1,0,0,0,0,1,1,0,0,1,0,0,0,1,0,0,1,0,1,0
266,393,24,7,2346,4,3,35,1,2,0,0,0,0,0,0,1,1,0,0,1,0,0,1,0,0,0,1,0,0,1
267,394,24,7,1382,4,1,26,1,2,1,0,0,0,0,0,1,1,0,0,1,0,0,0,0,1,0,0,0,0,1
268,395,24,4,4870,3,4,53,2,2,0,0,0,0,0,0,1,0,0,0,1,0,0,0,0,0,0,1,0,0,0
269,396,24,4,2964,4,4,49,2,1,0,0,0,0,0,0,1,0,0,0,1,0,0,0,0,0,1,0,0,1,1
270,397,15,1,3812,1,4,23,1,1,0,0,0,0,0,0,1,1,0,0,1,0,0,1,0,1,0,0,0,1,1
271,398,30,1,3017,4,4,47,1,1,0,1,0,0,0,0,1,1,0,0,1,0,1,0,0,0,0,1,0,0,1
272,399,60,4,7418,1,1,27,1,1,0,1,0,0,0,0,1,1,0,0,0,1,0,0,1,0,1,0,0,0,1
273,400,15,4,1532,4,3,31,1,1,0,0,0,0,1,0,1,1,0,0,1,0,0,1,0,1,0,0,0,0,1
274,401,6,4,1740,2,2,30,1,2,0,1,0,0,0,0,1,0,1,0,1,0,0,1,0,0,0,1,0,0,1
275,406,27,4,3915,4,2,36,2,1,1,0,0,0,0,0,1,1,0,0,1,0,0,0,1,0,0,1,0,1,0
276,408,36,4,14318,4,2,57,1,1,0,0,0,0,0,0,1,0,0,1,0,0,0,0,1,0,0,1,0,1,0
277,409,30,7,5954,3,2,38,1,1,0,1,0,0,0,0,0,1,0,0,1,0,0,1,0,0,0,1,0,0,1
278,411,18,4,2404,2,2,26,1,2,0,1,0,0,0,0,1,1,0,0,1,0,0,1,0,0,0,1,0,0,1
279,413,11,7,4771,2,4,51,1,1,0,1,0,0,0,0,1,1,0,0,1,0,0,0,1,0,0,1,0,0,1
280,414,48,7,4605,3,4,24,2,2,0,0,0,0,0,0,1,0,0,0,1,0,0,0,0,0,0,1,0,1,0
281,415,12,1,1858,4,1,22,1,1,0,1,0,0,0,0,1,0,1,0,1,0,0,0,0,0,0,1,0,1,1
282,416,12,4,1076,2,2,26,1,1,1,0,0,0,0,0,1,1,0,0,1,0,0,1,0,0,0,1,0,1,1
283,418,12,4,1526,4,4,66,1,2,0,0,0,0,0,0,1,0,0,1,0,0,0,0,0,0,0,1,0,0,1
284,419,24,4,1901,4,4,29,1,1,0,1,0,0,0,0,1,0,1,1,0,0,0,1,0,1,0,0,0,1,1
285,420,9,7,1919,4,3,35,1,1,0,1,0,0,0,0,1,0,1,0,1,0,0,0,1,0,0,1,0,0,1
286,421,30,1,3108,2,4,31,1,1,0,1,0,0,0,0,1,1,0,0,0,1,0,0,0,0,0,1,0,1,0
287,422,36,1,4473,4,2,31,1,1,0,1,0,0,0,0,1,1,0,0,1,0,1,0,0,0,0,1,0,1,1
288,423,12,1,951,4,4,27,1,4,0,1,0,0,0,0,1,0,1,0,1,0,0,0,1,1,0,0,0,1,0
289,424,42,4,4042,4,4,36,1,2,0,1,0,0,0,0,1,1,0,0,1,0,0,1,0,0,0,0,0,0,1
290,425,12,4,1567,1,1,22,1,1,0,1,0,0,0,0,1,1,0,0,1,0,0,0,1,0,0,1,0,1,1
291,427,24,4,1258,3,3,57,1,1,0,1,0,0,0,0,1,1,0,0,0,1,1,0,0,0,0,0,0,1,1
292,428,24,1,5103,3,3,47,1,3,0,1,0,0,0,0,1,0,0,0,1,0,0,1,0,0,0,1,0,0,1
293,429,6,1,1068,4,4,28,2,1,0,1,0,0,0,0,1,1,0,0,1,0,0,0,1,0,0,1,0,1,1
294,432,6,4,783,1,2,26,2,1,0,0,0,0,0,1,0,1,0,0,0,1,0,1,0,0,1,0,0,1,1
295,433,9,1,1980,2,2,19,1,2,0,1,0,0,0,0,0,0,1,0,1,0,0,1,0,0,0,1,0,1,0
296,434,7,1,846,3,4,36,1,1,0,1,0,0,0,0,1,0,0,0,1,0,0,1,0,0,1,0,0,0,1
297,436,24,4,4151,2,3,35,1,2,0,1,0,0,0,0,1,1,0,0,1,0,0,1,0,1,0,0,0,0,1
298,438,18,4,1817,4,2,28,1,2,0,1,0,0,0,0,1,1,0,0,1,0,0,1,0,0,0,1,0,0,1
299,439,12,4,2279,4,4,37,1,1,0,1,0,0,0,0,1,0,0,0,1,0,0,1,0,0,1,0,0,1,1
300,440,16,4,2625,2,4,43,1,1,0,0,0,0,0,1,0,0,1,0,1,0,0,0,0,0,0,1,0,0,0
301,442,9,4,2134,4,4,48,1,3,0,0,0,0,0,0,1,1,0,0,1,0,0,1,0,0,0,1,0,0,1
302,443,36,4,7409,3,2,37,1,2,1,0,0,0,0,0,1,1,0,0,1,0,0,1,0,0,1,0,0,1,1
303,444,18,1,4594,3,2,32,1,1,0,1,0,0,0,0,1,1,0,0,1,0,0,1,0,0,0,1,0,1,1
304,446,12,4,2171,4,4,38,1,2,0,0,0,0,0,0,1,1,0,0,0,1,0,0,0,0,0,1,0,0,1
305,447,15,4,975,2,3,25,1,2,0,1,0,0,0,0,1,1,0,0,1,0,0,0,0,0,0,1,0,0,1
306,449,48,7,3931,4,4,46,2,1,0,0,0,0,0,0,1,0,0,0,1,0,0,0,0,0,0,1,0,1,0
307,450,12,7,930,4,4,65,1,4,0,1,0,0,0,0,1,1,0,0,1,0,0,1,0,0,1,0,0,0,1
308,454,24,7,1603,4,4,55,1,1,0,1,0,0,0,0,1,1,0,0,1,0,0,0,0,0,0,1,0,1,1
309,455,24,7,2032,4,4,60,1,2,0,0,0,0,0,0,1,0,0,0,1,0,0,1,0,0,0,1,0,0,1
310,456,15,4,1512,3,3,61,1,2,0,0,0,1,0,0,1,1,0,0,1,0,0,0,1,0,0,0,1,0,0
311,457,24,1,3878,4,2,37,1,1,0,0,0,0,0,0,1,1,0,0,1,0,0,0,1,1,0,0,0,0,1
312,459,48,4,15672,2,2,23,1,1,1,0,0,0,0,0,1,1,0,0,1,0,0,0,1,0,0,1,0,1,0
313,460,12,4,1409,4,3,54,1,1,0,0,0,0,0,0,1,1,0,0,1,0,0,0,0,0,0,1,0,0,1
314,461,6,4,1203,3,2,43,1,1,0,0,0,0,0,0,1,1,0,0,1,0,0,0,0,1,0,0,0,1,1
315,462,15,1,3594,1,2,46,1,2,0,0,0,0,0,0,1,1,0,0,0,1,0,1,0,0,0,1,0,0,1
316,463,15,1,3568,4,2,54,1,1,0,1,0,0,0,0,1,0,1,1,0,0,0,1,0,0,0,1,0,1,1
317,465,6,0,1050,4,1,35,1,2,0,1,0,0,0,0,1,1,0,1,0,0,0,0,1,0,0,1,0,0,1
318,466,6,1,2063,4,3,30,1,1,0,1,0,0,0,0,1,0,1,1,0,0,0,0,1,0,0,1,0,1,1
319,467,12,1,1318,4,4,54,1,1,0,0,0,0,0,0,1,1,0,0,1,0,0,0,1,0,0,0,1,1,1
320,468,9,4,918,4,1,30,1,1,0,1,0,0,0,0,1,1,0,0,1,0,0,0,1,0,0,1,0,1,0
321,469,36,4,1819,4,4,37,1,1,0,0,0,0,1,0,1,0,0,0,1,0,0,1,0,0,0,1,0,1,0
322,470,40,4,5998,4,3,27,1,1,0,0,0,0,1,0,1,1,0,0,1,0,0,0,0,0,0,1,0,0,0
323,471,36,4,6887,4,3,29,1,1,0,0,0,0,1,0,1,1,0,0,1,0,0,0,0,0,0,1,0,0,0
324,473,18,1,2389,4,1,27,1,1,0,1,0,0,0,0,1,1,0,0,1,0,0,0,0,0,0,1,0,1,1
325,474,24,7,3552,3,4,27,1,1,0,1,0,0,0,0,1,1,0,0,1,0,0,0,0,0,0,1,0,1,0
326,475,60,7,7297,4,4,36,1,1,1,0,0,0,0,0,0,0,1,0,1,0,0,0,0,0,0,1,0,1,0
327,476,12,7,685,2,3,25,1,1,0,0,0,0,0,0,1,1,0,0,0,1,0,0,1,0,0,1,0,1,0
328,477,18,7,3001,2,4,40,1,1,0,1,0,0,0,0,1,0,1,0,1,0,0,0,1,0,0,1,0,1,1
329,478,24,4,1965,4,4,42,1,2,0,0,0,0,0,0,1,0,1,0,1,0,0,0,1,0,1,0,0,0,1
330,479,18,0,12976,3,4,38,1,1,0,0,0,0,0,0,1,0,0,1,0,0,0,0,1,0,0,1,0,1,0
331,481,24,7,2325,2,3,32,1,1,0,0,0,0,0,0,1,1,0,0,1,0,0,0,0,1,0,0,0,1,1
332,482,36,7,9629,4,4,24,1,2,0,0,0,0,0,0,1,1,0,0,1,0,0,0,0,0,0,1,0,0,0
333,483,15,7,1979,4,2,35,1,1,0,1,0,0,0,0,1,1,0,0,1,0,0,1,0,0,1,0,0,1,1
334,484,10,7,781,4,4,63,1,2,0,0,0,0,0,0,1,0,0,0,1,0,1,0,0,0,0,1,0,0,1
335,485,12,4,1498,4,1,23,1,1,0,1,0,0,0,0,1,1,0,0,1,0,0,0,0,0,0,1,0,1,1
336,486,12,1,1995,4,1,27,1,1,0,0,0,0,0,0,1,1,0,0,1,0,0,0,1,1,0,0,0,0,1
337,487,30,4,4583,2,2,32,1,2,0,1,0,0,0,1,0,1,0,0,1,0,0,0,0,0,0,1,0,1,1
338,488,24,4,11328,2,3,29,1,2,0,0,1,0,0,0,0,1,0,1,0,0,0,0,1,0,0,1,0,1,0
339,489,12,1,1493,4,3,34,2,1,0,1,0,0,0,0,1,1,0,0,1,0,0,1,0,0,0,1,0,1,1
340,490,24,7,1376,4,1,28,1,1,0,1,0,0,0,0,1,1,0,0,1,0,0,1,0,0,0,0,0,1,1
341,491,20,7,2212,4,4,39,1,1,0,1,0,0,0,0,1,1,0,0,1,0,0,0,0,0,1,0,0,1,1
342,492,10,1,2901,1,4,31,1,1,0,0,0,0,0,0,1,0,1,0,1,0,0,1,0,0,1,0,0,1,1
343,493,60,4,6288,4,4,42,1,1,0,0,0,0,1,0,1,0,0,0,1,0,0,0,1,0,0,1,0,1,0
344,494,24,4,3235,3,2,26,1,1,0,1,0,0,0,0,1,1,0,1,0,0,0,1,0,0,0,0,0,1,1
345,498,30,0,7485,4,1,53,1,1,0,0,0,0,0,0,1,1,0,1,0,0,0,1,0,0,1,0,0,1,0
346,499,24,4,2924,3,4,63,2,1,0,0,0,0,0,1,0,1,0,0,1,0,0,0,0,0,0,1,0,1,1
347,500,24,4,3632,1,4,22,1,1,0,0,0,0,0,1,0,0,1,0,1,0,0,0,0,0,0,1,0,1,1
348,501,30,4,3857,4,4,40,1,1,0,0,0,0,0,0,1,1,0,1,0,0,0,0,0,0,0,1,0,1,1
349,502,48,4,7763,4,4,42,1,1,0,0,0,0,0,0,1,0,0,1,0,0,0,0,0,0,0,1,0,1,0
350,504,30,7,4811,2,4,24,1,1,0,0,0,0,0,0,1,0,1,0,0,1,0,1,0,0,1,0,0,1,1
351,505,12,1,1534,1,1,23,1,1,0,1,0,0,0,0,1,0,1,0,1,0,0,0,1,0,0,1,0,1,0
352,506,12,4,1386,2,2,26,1,1,0,0,0,0,0,0,1,1,0,0,1,0,0,1,0,0,0,0,0,1,0
353,507,12,4,1412,4,2,29,1,2,1,0,0,0,0,1,0,1,0,1,0,0,0,1,0,0,0,1,0,0,1
354,508,12,4,717,4,4,52,1,3,0,1,0,0,0,0,1,1,0,0,1,0,0,1,0,0,0,1,0,0,1
355,509,24,4,2670,4,4,35,1,1,0,0,0,0,0,0,1,1,0,1,0,0,0,1,0,0,0,1,0,1,1
356,511,36,4,8335,3,4,47,1,1,0,0,0,0,0,0,1,0,0,0,1,0,0,0,0,0,1,0,0,1,0
357,512,12,7,1542,2,4,36,1,1,1,0,0,0,0,0,1,1,0,0,1,0,0,1,0,0,0,1,0,1,1
358,513,27,4,3416,3,2,27,1,1,0,1,0,0,0,0,1,1,0,1,0,0,0,0,0,0,0,1,0,1,1
359,518,6,1,433,4,2,24,2,1,0,0,0,0,1,0,1,0,1,0,1,0,0,0,1,0,0,0,1,1,0
360,519,10,1,1275,4,2,23,1,1,0,1,0,0,0,0,1,1,0,0,1,0,1,0,0,0,0,1,0,1,1
361,520,9,1,1549,4,2,35,1,1,0,0,0,0,0,0,1,1,0,0,0,0,0,0,1,0,1,0,0,1,1
362,521,21,1,2319,2,1,33,1,1,0,0,0,0,1,0,1,0,1,0,1,0,1,0,0,0,0,1,0,0,0
363,522,9,1,1206,4,4,25,1,1,0,1,0,0,0,0,1,1,0,0,1,0,0,0,1,0,0,1,0,1,1
364,523,24,1,5943,1,1,44,1,2,0,1,0,0,0,0,1,1,0,0,1,0,0,1,0,0,1,0,0,1,0
365,525,18,7,2775,2,2,31,1,2,0,0,0,0,0,0,1,1,0,0,1,0,0,1,0,0,0,1,0,0,0
366,527,6,7,1449,1,2,31,2,2,1,0,0,0,0,0,1,1,0,0,1,0,0,0,1,1,0,0,0,0,1
367,528,30,1,3832,2,1,22,1,1,0,1,0,0,0,0,1,1,0,0,1,0,0,0,1,0,0,1,0,1,1
368,529,14,4,802,4,2,27,1,2,0,0,0,0,0,0,1,1,0,0,0,1,0,1,0,0,0,1,0,0,1
369,530,8,7,3398,1,4,39,1,2,0,0,0,0,0,0,1,1,0,0,0,1,0,0,0,0,0,1,0,0,1
370,533,24,7,5152,4,2,25,1,1,0,1,0,0,0,0,1,1,0,0,1,0,1,0,0,0,0,1,0,1,1
371,534,36,4,12389,1,4,37,1,1,0,0,0,0,0,0,1,0,0,0,1,0,0,0,1,0,1,0,0,1,0
372,537,36,4,9055,2,4,35,2,1,0,0,0,0,1,0,1,0,0,0,0,1,0,1,0,0,1,0,0,1,1
373,539,36,4,2348,3,2,46,1,2,0,1,0,0,0,0,1,1,0,0,1,0,0,0,0,0,0,1,0,0,1
374,540,21,1,3357,4,2,29,1,1,0,1,0,0,0,0,1,1,0,0,1,0,0,0,0,0,0,0,1,1,1
375,541,18,1,3966,1,4,33,1,3,0,0,0,0,0,0,1,0,1,0,1,0,0,0,0,0,0,1,0,0,0
376,542,12,1,983,1,4,19,1,1,0,1,0,0,0,0,1,0,1,0,0,1,0,0,1,0,0,0,1,1,1
377,544,30,0,4249,4,2,28,1,2,0,0,0,0,0,0,1,1,0,1,0,0,0,0,1,0,0,1,0,0,0
378,545,12,4,1881,2,2,44,1,1,0,1,0,0,0,0,1,0,1,0,0,1,1,0,0,0,0,1,0,1,1
379,546,36,1,2384,4,1,33,1,1,0,0,0,1,0,0,1,0,1,0,0,1,0,0,1,0,0,1,0,1,0
380,547,9,4,959,1,2,29,1,1,0,1,0,0,0,0,1,1,0,0,1,0,0,0,1,0,0,1,0,1,0
381,548,12,1,609,4,1,26,1,1,1,0,0,0,0,0,1,1,0,0,0,0,1,0,0,0,0,1,0,1,0
382,549,12,1,1680,3,1,35,1,1,0,1,0,0,0,0,1,1,0,0,1,0,0,0,0,0,0,0,0,1,1
383,550,8,1,907,3,2,26,1,1,1,0,0,0,0,0,1,1,0,0,1,0,0,0,1,0,0,1,0,1,1
384,552,48,7,3979,4,1,41,2,2,0,1,0,0,0,0,1,1,0,0,1,0,0,0,1,0,1,0,0,1,1
385,553,24,7,4057,3,3,43,1,1,0,1,0,0,0,0,1,1,0,0,1,0,0,0,1,0,0,1,0,1,0
386,556,18,4,4165,2,2,36,2,2,1,0,0,0,0,0,1,1,0,0,1,0,0,1,0,0,0,1,0,1,0
387,558,12,4,2121,4,2,30,1,2,0,0,0,0,0,0,1,1,0,0,1,0,0,0,0,0,0,1,0,0,1
388,560,15,4,3556,3,2,29,1,1,0,0,0,0,0,0,1,1,0,0,1,0,0,1,0,0,1,0,0,1,1
389,561,6,7,1595,3,2,51,2,1,0,1,0,0,0,0,1,1,0,0,1,0,0,1,0,0,0,1,0,1,1
390,562,12,4,1410,2,2,31,1,1,0,0,0,0,1,0,1,1,0,0,0,1,0,0,1,0,0,1,0,1,1
391,563,12,7,2096,2,3,49,2,1,0,0,0,0,1,0,1,1,0,0,0,1,0,1,0,0,0,1,0,0,1
392,564,10,7,1038,4,3,49,1,2,0,0,0,0,0,0,0,1,0,0,1,0,0,0,0,0,0,1,0,0,1
393,566,10,1,2132,2,3,27,1,2,0,1,0,0,0,0,0,0,1,0,1,0,0,0,0,0,1,0,0,0,1
394,567,10,4,1597,3,2,40,2,1,0,0,0,0,0,0,1,0,1,0,0,1,0,1,0,0,0,0,0,1,1
395,569,24,4,2375,4,2,44,2,2,1,0,0,0,0,0,1,1,0,0,1,0,0,1,0,0,0,0,0,0,1
396,570,24,4,6842,2,4,46,2,2,0,0,0,0,0,0,1,1,0,1,0,0,0,1,0,0,1,0,0,0,1
397,571,18,4,8471,1,2,23,1,2,0,0,0,0,1,0,1,0,1,0,1,0,0,0,0,0,1,0,0,0,1
398,572,36,7,3249,2,4,39,2,1,0,0,0,0,0,0,1,0,0,1,0,0,0,0,0,0,0,1,0,1,1
399,573,12,7,1264,4,4,57,1,1,1,0,0,0,0,0,1,0,1,0,0,1,0,1,0,0,1,0,0,0,1
400,574,6,7,1323,2,4,28,2,2,0,0,0,0,0,0,1,1,0,0,1,0,1,0,0,1,0,0,0,0,1
401,575,6,7,14896,1,4,68,1,1,0,0,0,0,0,0,1,1,0,1,0,0,0,0,0,0,0,1,0,1,0
402,577,24,0,2359,1,1,33,1,1,0,1,0,0,0,0,1,1,0,0,1,0,0,0,0,1,0,0,0,1,0
403,578,18,1,3213,1,3,25,1,1,0,1,0,0,0,0,1,0,1,0,1,0,0,0,1,0,0,0,0,1,1
404,580,24,1,3621,2,4,31,1,2,0,1,0,0,0,0,1,1,0,0,1,0,0,1,0,1,0,0,0,1,0
405,581,24,1,2333,4,2,29,1,1,0,1,0,0,0,0,1,1,0,0,0,1,0,0,1,0,1,0,0,0,1
406,582,24,1,1231,4,4,57,1,2,0,1,0,0,0,0,1,0,1,1,0,0,0,0,0,0,0,0,1,0,1
407,583,20,7,7057,3,4,36,2,2,0,0,0,0,0,0,1,0,1,1,0,0,0,0,1,0,1,0,0,0,1
408,586,18,7,3509,4,1,25,1,1,0,1,0,0,0,1,0,1,0,0,1,0,0,0,0,0,0,1,0,1,1
409,587,24,7,2812,2,4,26,1,1,0,0,0,0,0,0,1,0,1,0,1,0,0,0,0,0,1,0,0,1,1
410,588,18,7,1795,3,4,48,1,2,0,1,0,0,0,1,0,0,1,0,0,1,0,0,1,0,0,1,0,0,1
411,591,24,7,2872,3,4,36,2,1,0,1,0,0,0,0,1,1,0,0,1,0,0,1,0,1,0,0,0,0,1
412,592,12,1,3527,2,3,45,2,1,0,0,0,0,0,0,1,1,0,1,0,0,0,1,0,0,1,0,0,1,1
413,593,8,1,1164,3,4,51,2,2,0,0,1,0,0,0,1,0,0,1,0,0,0,0,0,0,0,1,0,0,1
414,594,18,4,6761,2,4,68,1,2,0,0,0,0,0,0,1,0,1,0,1,0,0,1,0,0,1,0,0,1,0
415,596,18,1,1055,4,1,30,1,2,0,0,0,0,0,0,1,1,0,0,1,0,0,1,0,0,0,1,0,0,1
416,602,12,4,1101,3,2,27,1,2,0,0,0,0,0,0,1,1,0,0,1,0,0,1,0,0,0,1,0,1,1
417,603,24,4,3062,4,3,32,1,1,0,1,0,0,0,0,1,0,1,0,1,0,0,1,0,0,0,0,0,1,1
418,607,42,1,3965,4,3,34,1,1,0,1,0,0,0,0,1,1,0,0,1,0,0,0,0,0,0,1,0,1,0
419,608,36,1,1842,4,4,34,1,1,0,0,0,0,0,0,1,1,0,0,1,0,0,0,0,0,0,1,0,1,0
420,609,36,1,5711,4,2,38,1,2,0,0,0,0,0,0,1,1,0,1,0,0,0,1,0,0,0,0,1,0,1
421,611,36,4,8065,3,2,25,1,2,0,0,0,0,1,0,1,1,0,1,0,0,0,0,0,0,0,1,0,0,0
422,612,24,1,6872,2,1,55,1,1,0,1,0,0,0,0,1,1,0,0,1,0,0,0,0,0,0,1,0,1,0
423,614,4,7,1503,2,1,42,2,2,0,1,0,0,0,0,1,1,0,0,0,1,0,1,0,0,0,1,0,0,1
424,615,48,7,6416,4,3,59,1,1,1,0,0,0,0,0,1,0,1,0,1,0,0,0,1,0,0,1,0,1,0
425,616,21,1,2580,4,2,41,2,1,1,0,0,0,0,0,1,1,0,0,0,1,0,1,0,0,0,0,0,0,0
426,617,18,4,2515,3,4,43,1,1,0,1,0,0,0,0,1,1,0,0,1,0,0,1,0,0,0,1,0,1,1
427,620,60,4,13756,2,4,63,1,1,0,0,0,0,0,0,1,0,0,1,0,0,0,1,0,0,1,0,0,0,1
428,621,48,7,6560,3,2,24,1,1,0,0,0,0,0,0,1,1,0,0,1,0,0,0,1,1,0,0,0,1,0
429,623,33,7,7253,3,2,35,1,2,0,0,0,0,0,0,1,1,0,1,0,0,0,1,0,0,0,1,0,0,1
430,624,12,4,1158,3,1,26,1,1,0,1,0,0,0,0,1,1,0,0,1,0,0,0,1,0,0,0,0,1,1
431,626,24,7,2825,4,3,34,2,2,1,0,0,0,0,0,1,1,0,0,1,0,0,0,1,0,1,0,0,0,1
432,628,12,7,652,4,4,24,1,1,0,1,0,0,0,0,1,0,1,0,1,0,0,0,0,0,0,1,0,1,1
433,629,48,0,5381,3,4,40,1,1,0,0,1,0,0,0,1,0,0,0,0,0,0,0,1,0,1,0,0,1,1
434,633,12,1,2579,4,1,33,2,1,0,0,0,0,0,0,1,1,0,0,0,1,0,0,0,0,0,1,0,1,0
435,634,9,4,3577,1,2,26,2,1,0,0,0,0,0,1,0,0,1,0,1,0,0,1,0,1,0,0,0,1,1
436,635,12,1,625,4,1,26,1,1,0,1,0,0,0,1,0,1,0,0,0,1,0,0,1,0,0,1,0,1,1
437,636,48,7,8487,1,2,24,1,1,0,0,0,0,0,0,1,1,0,0,1,0,0,0,1,0,1,0,0,1,1
438,641,36,4,2671,4,4,50,1,1,0,1,0,0,0,0,0,0,0,0,1,0,0,0,1,1,0,0,0,1,0
439,644,9,4,1391,2,1,27,1,1,1,0,0,0,0,0,1,1,0,0,1,0,0,0,1,0,0,1,0,1,1
440,645,48,7,3060,4,4,28,1,2,0,1,0,0,0,0,1,1,0,0,1,0,0,0,1,0,0,1,0,1,0
441,646,18,4,2779,1,3,21,1,1,0,0,0,0,0,0,1,0,1,0,1,0,0,0,1,0,0,1,0,1,1
442,647,21,4,1647,4,2,40,2,2,0,0,0,0,0,0,1,1,0,0,0,1,0,0,0,0,1,0,0,1,0
443,648,24,1,2039,1,1,22,1,1,0,1,0,0,0,0,1,1,0,0,1,0,0,0,1,0,0,1,0,1,0
444,649,12,4,1344,4,2,43,2,2,0,0,0,0,0,0,1,1,0,0,0,1,0,0,0,0,0,1,0,0,1
445,650,5,7,3448,1,4,74,1,1,1,0,0,0,0,0,1,1,0,0,0,1,0,1,0,0,0,1,0,1,1
446,651,24,7,2957,4,4,63,1,2,0,0,0,0,0,0,1,1,0,0,1,0,0,0,0,0,0,1,0,0,1
447,652,12,7,2390,4,3,50,1,1,0,0,0,0,0,0,1,1,0,0,1,0,0,1,0,0,1,0,0,1,1
448,653,12,7,691,4,3,35,1,2,0,0,0,0,0,0,1,1,0,0,1,0,0,0,0,0,0,1,0,0,0
449,654,12,4,3077,2,4,52,1,1,0,1,0,0,0,0,1,1,0,0,1,0,0,1,0,0,0,1,0,1,1
450,655,15,4,1459,4,2,43,1,1,0,1,0,0,0,0,1,1,0,0,0,1,0,1,0,0,0,1,0,0,1
451,657,24,7,1258,4,1,25,1,1,1,0,0,0,0,0,1,1,0,0,1,0,0,1,0,0,0,1,0,1,1
452,658,39,4,2569,4,4,24,1,1,0,0,0,0,0,0,1,1,0,0,1,0,0,1,0,0,0,0,0,1,1
453,659,18,4,5302,2,4,36,1,3,0,0,0,0,0,0,1,0,0,1,0,0,0,0,0,0,0,1,0,0,1
454,660,12,4,1155,3,3,40,1,2,0,1,0,0,0,1,0,1,0,0,0,1,0,0,1,0,0,1,0,1,1
455,661,36,7,3535,4,4,37,1,2,0,0,0,0,0,0,1,1,0,0,1,0,0,1,0,0,0,1,0,0,1
456,662,20,7,4272,1,4,24,1,2,0,1,0,0,0,0,1,1,0,0,1,0,0,0,0,0,0,1,0,0,1
457,663,12,4,1289,4,1,21,1,1,0,1,0,0,0,1,0,1,0,0,0,1,0,0,0,0,0,1,0,1,1
458,664,12,4,1893,4,4,29,1,1,0,0,0,0,0,1,0,1,0,0,1,0,0,0,0,0,0,1,0,1,1
459,667,9,4,458,4,3,24,1,1,0,1,0,0,0,0,1,1,0,0,1,0,0,0,1,0,0,1,0,1,1
460,668,12,4,1092,4,4,49,1,2,0,1,0,0,0,1,0,1,0,0,1,0,0,0,1,0,0,1,0,1,1
461,670,10,4,2848,1,2,32,2,1,0,0,0,0,0,0,0,1,0,0,1,0,0,1,0,1,0,0,0,1,1
462,671,24,4,4351,1,4,48,1,1,0,1,0,0,0,0,1,1,0,0,0,1,0,0,1,0,1,0,0,1,1
463,672,24,4,3777,4,4,50,1,1,0,1,0,0,0,0,1,1,0,0,1,0,0,1,0,0,0,0,1,0,1
464,673,6,4,1382,1,1,28,1,2,0,1,0,0,0,0,1,1,0,0,1,0,0,1,0,0,0,1,0,0,1
465,675,18,1,1943,4,4,23,1,1,0,0,0,1,0,0,1,1,0,0,1,0,0,1,0,0,0,1,0,1,0
466,676,6,4,3676,1,3,37,2,3,0,0,0,0,0,0,1,0,1,0,1,0,0,0,0,0,0,1,0,0,1
467,677,12,4,1107,2,2,20,2,1,0,1,0,0,0,0,1,0,1,1,0,0,0,0,0,0,0,1,0,1,1
468,678,26,1,7966,2,3,30,1,2,0,0,0,0,0,0,1,1,0,0,1,0,0,0,1,0,0,1,0,1,1
469,680,6,1,448,4,4,23,1,1,0,0,0,0,1,0,1,1,0,0,1,0,0,0,0,0,0,1,0,1,0
470,681,24,1,1377,4,2,47,1,1,0,1,0,0,0,0,1,0,0,0,1,0,1,0,0,1,0,0,0,1,1
471,682,30,1,1908,4,4,66,1,1,1,0,0,0,0,0,1,1,0,1,0,0,1,0,0,0,0,1,0,0,0
472,685,27,0,5293,2,4,50,1,2,1,0,0,0,0,0,1,1,0,0,1,0,0,0,0,0,0,1,0,1,0
473,686,12,0,4843,3,4,43,1,2,0,0,0,0,0,0,0,0,1,0,1,0,0,0,0,0,0,1,0,0,0
474,687,24,4,2996,2,4,20,1,1,0,1,0,0,0,0,1,1,0,0,1,0,0,0,0,0,1,0,0,1,0
475,688,18,0,433,3,4,22,1,1,0,1,0,0,0,0,0,0,1,0,1,0,0,1,0,0,0,1,0,1,0
476,690,15,4,1433,4,3,25,1,2,0,1,0,0,0,0,1,0,1,0,1,0,0,0,0,0,0,1,0,0,1
477,691,10,1,2241,1,3,48,2,2,0,0,0,0,0,0,1,0,1,0,0,1,0,0,0,0,0,1,0,0,1
478,693,18,1,1533,4,1,43,2,1,0,1,0,0,0,0,0,1,0,0,0,1,0,1,0,0,0,1,0,1,0
479,696,28,1,2743,4,2,29,1,2,0,1,0,0,0,0,1,1,0,0,1,0,0,1,0,0,0,1,0,0,1
480,697,11,0,1154,4,4,57,1,3,0,1,0,0,0,0,1,1,0,0,0,1,0,1,0,1,0,0,0,0,1
481,699,54,1,15945,3,4,58,1,1,1,0,0,0,0,0,1,0,1,0,1,0,0,0,1,0,0,1,0,1,0
482,703,24,1,3123,4,1,27,1,1,0,0,0,0,0,0,1,1,0,0,1,0,0,0,0,0,0,1,0,1,0
483,705,39,7,11760,2,3,32,1,1,0,0,0,0,1,0,1,0,1,0,1,0,0,0,1,1,0,0,0,0,1
484,706,12,7,709,4,4,57,1,1,0,1,0,0,0,0,1,1,0,0,0,1,0,0,0,0,0,1,0,1,0
485,707,18,4,1800,4,2,24,1,2,0,1,0,0,0,0,1,1,0,0,1,0,0,1,0,0,0,1,0,0,1
486,709,45,4,11816,2,4,29,1,2,1,0,0,0,0,0,1,0,1,0,1,0,0,0,0,0,0,1,0,1,0
487,710,18,1,1216,4,3,23,1,1,0,0,0,0,0,0,1,0,1,0,1,0,0,0,0,0,0,1,0,1,0
488,711,9,1,1366,3,4,22,1,1,0,1,0,0,0,0,1,0,1,0,1,0,0,0,0,0,0,1,0,1,0
489,715,12,1,5801,2,4,49,1,1,0,1,0,0,0,0,1,0,1,0,1,0,0,1,0,0,1,0,0,0,1
490,717,30,1,2522,1,3,39,2,1,0,1,0,0,0,1,0,1,0,0,1,0,0,0,0,0,0,1,0,1,1
491,718,24,1,1533,4,3,38,1,1,0,1,0,0,0,0,1,1,0,0,1,0,0,1,0,0,0,1,0,1,1
492,719,48,7,10222,4,3,37,1,1,0,1,0,0,0,0,1,1,0,0,1,0,0,1,0,0,1,0,0,1,1
493,720,36,4,3079,4,4,36,1,1,0,0,0,0,0,0,1,1,0,0,1,0,0,1,0,0,1,0,0,1,1
494,721,12,4,1503,4,4,41,1,1,0,0,0,0,0,0,1,0,1,0,1,0,0,1,0,0,0,1,0,0,1
495,722,36,4,6614,4,4,34,1,2,0,0,0,0,0,0,1,1,0,1,0,0,0,1,0,0,0,1,0,0,1
496,723,9,4,276,4,4,22,1,1,0,0,0,0,0,0,1,0,1,0,0,1,0,0,1,0,0,1,0,1,1
497,725,6,4,362,4,4,52,1,2,0,0,0,0,0,0,1,1,0,0,0,1,0,1,0,1,0,0,0,0,1
498,727,36,1,9572,1,1,28,1,2,1,0,0,0,0,0,1,1,0,0,1,0,0,1,0,0,0,1,0,0,0
499,729,15,4,4623,3,2,40,1,1,0,0,0,0,1,0,1,1,0,1,0,0,0,1,0,1,0,0,0,1,0
500,730,12,4,1223,1,1,46,1,2,0,0,0,0,0,0,1,0,1,0,1,0,0,0,1,0,0,1,0,1,0
501,733,12,4,2122,3,2,39,2,2,0,0,0,0,0,0,1,0,1,0,0,1,0,0,0,0,0,1,0,0,1
502,735,24,7,1851,4,2,33,1,2,0,1,0,0,0,1,0,1,0,0,1,0,0,1,0,0,0,1,0,0,1
503,736,18,4,2169,4,2,28,1,1,1,0,0,0,0,0,1,1,0,0,1,0,0,1,0,0,0,1,0,0,0
504,737,15,4,1386,4,2,40,1,1,0,1,0,0,0,0,1,0,1,0,1,0,0,1,0,0,1,0,0,1,1
505,738,24,4,1927,3,2,33,1,2,0,0,0,0,1,0,1,1,0,0,1,0,0,1,0,0,1,0,0,0,1
506,740,9,4,1501,2,3,34,1,2,0,0,0,0,1,0,1,1,0,1,0,0,0,0,1,0,0,1,0,0,0
507,741,36,4,9566,2,2,31,1,2,0,1,0,0,0,0,1,1,0,0,1,0,0,1,0,0,0,1,0,0,1
508,742,15,4,1308,4,4,38,1,2,0,0,0,1,0,0,1,1,0,0,0,1,0,0,1,0,0,1,0,1,1
509,743,6,4,1221,1,2,27,1,2,0,1,0,0,0,0,1,1,0,0,1,0,0,1,0,0,1,0,0,0,1
510,744,18,1,1940,3,4,36,1,1,0,1,0,0,0,0,0,0,0,1,0,0,0,0,0,0,0,1,0,1,1
511,746,27,1,8318,2,4,42,1,2,1,0,0,0,0,0,1,0,0,1,0,0,0,0,1,0,0,1,0,1,0
512,748,36,7,2145,2,1,24,1,2,1,0,0,0,0,0,1,1,0,0,1,0,0,0,0,0,0,1,0,0,0
513,749,21,4,2923,1,1,28,1,1,0,0,0,0,0,0,1,1,0,1,0,0,1,0,0,1,0,0,0,1,1
514,750,6,1,4716,1,3,44,2,2,0,0,0,0,0,0,1,1,0,0,0,1,0,0,0,0,1,0,0,0,1
